{
	"民族": 0.04342857142857143,
	"中华文明": 0.032,
	"文化": 0.030857142857142857,
	"统一": 0.026285714285714287,
	"统一性": 0.022857142857142857,
	"中华民族": 0.019428571428571427,
	"发展": 0.019428571428571427,
	"一体": 0.019428571428571427,
	"形成": 0.017142857142857144,
	"国家": 0.014857142857142857
}